Model,Feature Set,Accuracy,Precision,Recall,F1 Score,ROC-AUC,Training Time (sec)
Random Forest,RFE Features,0.787019525453255,0.6260204878408018,0.4890166449226534,0.5488665287400651,0.8210335888852285,1.70859694480896
Random Forest,Correlation Features,0.7873028098587006,0.6246853521476481,0.49596708290920555,0.5526595747524302,0.8203963352509037,1.5652360916137695
Random Forest,Full Features,0.7878714957416607,0.6284575934667733,0.48900517555303863,0.5497353744098085,0.818807061882328,5.028003215789795
SVM,Full Features,0.7986613047615976,0.6659505803803091,0.4847184986595175,0.5607656646892141,0.7937075639762907,31.44130039215088
SVM,Correlation Features,0.7982351683979612,0.6642148398664934,0.4847184986595174,0.560165494704475,0.7933433562763474,23.818653106689453
SVM,RFE Features,0.8012182237563714,0.6761950165525791,0.48365614829894915,0.5635312722860576,0.7895943490994151,17.453126430511475
Decision Tree,Full Features,0.729517730982644,0.49052336225868987,0.5050622930137202,0.4974945614230636,0.6592143105803234,5.331854343414307
Decision Tree,Correlation Features,0.7266770235176463,0.48565859410968787,0.5104141876102135,0.49759949113233964,0.6584101254209725,0.23175477981567383
Decision Tree,RFE Features,0.7239807810181302,0.48113014595138726,0.507746125503577,0.4938575135162965,0.6554621349389949,0.22661566734313965
